group,alpha,duration,n_channels,f1_mean,f1_median,f1_sd,f1_ci_lo,f1_ci_hi,latency_mean
all,0.1,16,20,0.21713500000000002,0.1323,0.21703656561922804,0.12804975,0.3118578749999999,3.1529411764705877
all,0.25,16,20,0.25463,0.18480000000000002,0.23742681110518865,0.15711925000000002,0.356825125,2.5994444444444444
all,0.5,16,20,0.289265,0.215,0.24976602161349248,0.183499625,0.39864237499999994,1.4566666666666666
all,0.75,16,20,0.32652000000000003,0.25015,0.26468007023375856,0.21731762500000001,0.44107624999999995,1.0257894736842106
all,1.0,16,20,0.34302499999999997,0.3232,0.2769687610638845,0.225929125,0.4626911250000001,0.9368421052631577
all,1.5,16,20,0.42589,0.3962,0.2821052993028257,0.305727375,0.5464452500000001,0.752
all,0.1,32,20,0.304645,0.2604,0.2672300772447041,0.1939645,0.4230732499999999,6.211111111111111
all,0.25,32,20,0.33702,0.26585000000000003,0.2838314763153805,0.21850975000000003,0.46176837499999995,5.228947368421053
all,0.5,32,20,0.38359999999999994,0.332,0.27802153078304453,0.26495975,0.5053663749999999,2.958421052631579
all,0.75,32,20,0.42422000000000004,0.38255,0.2946906524333253,0.299665625,0.5457569999999999,2.4368421052631577
all,1.0,32,20,0.4627749999999999,0.5287999999999999,0.30165327059041597,0.33183700000000005,0.588127,1.3994736842105264
all,1.5,32,20,0.529105,0.5932,0.29654728117735996,0.39893275,0.6513952500000002,1.81
all,0.1,64,20,0.44828999999999997,0.48585,0.32139039369261607,0.310197,0.583423875,11.120588235294118
all,0.25,64,20,0.4847250000000001,0.535,0.32581114302775566,0.34574400000000005,0.624196125,13.486842105263158
all,0.5,64,20,0.5309,0.5189999999999999,0.3134046098475327,0.39898937500000003,0.6630989999999998,7.208421052631578
all,0.75,64,20,0.536015,0.5132,0.30937377882799927,0.4027148750000001,0.665492875,3.9505263157894737
all,1.0,64,20,0.5680649999999999,0.61575,0.3085722610499422,0.43062300000000003,0.6948701249999999,3.663157894736842
all,1.5,64,20,0.638075,0.7402,0.29836503582903806,0.50395,0.7610552500000001,2.5995000000000004
all,0.1,128,20,0.5795,0.7661,0.36075631810493847,0.417994625,0.7246509999999999,16.63
all,0.25,128,20,0.6201199999999999,0.7759,0.3210598675112101,0.478728875,0.753467125,19.796842105263156
all,0.5,128,20,0.6352300000000001,0.79345,0.32311731794797804,0.4929675000000001,0.7674757499999999,14.843684210526314
all,0.75,128,20,0.651905,0.76015,0.30678676543711664,0.5154136250000001,0.777250375,10.097368421052632
all,1.0,128,20,0.6758850000000001,0.83045,0.32423199828290594,0.52951375,0.806242125,8.046315789473685
all,1.5,128,20,0.7425650000000001,0.8708,0.29111561869361874,0.612793625,0.8564401249999999,7.2265
all,0.1,256,19,0.6499736842105263,0.8951,0.374181879189052,0.48056250000000006,0.8031015789473686,20.688125
all,0.25,256,19,0.7102368421052632,0.8948,0.3054748274963391,0.5712869736842106,0.835548947368421,28.404444444444444
all,0.5,256,19,0.7442421052631577,0.9035,0.3055014080996636,0.5945194736842107,0.8661531578947368,25.922222222222224
all,0.75,256,19,0.7595947368421052,0.9236,0.31186135892890365,0.6155197368421051,0.8864484210526316,20.86388888888889
all,1.0,256,19,0.7678263157894737,0.9229,0.28352527193278804,0.6411151315789474,0.8854898684210528,19.993157894736843
all,1.5,256,19,0.8151999999999999,0.9257,0.2525434572064336,0.6982946052631579,0.9146844736842106,9.660526315789474
point,0.1,16,14,0.25594285714285714,0.2128,0.23351955185573026,0.1396205357142857,0.37472999999999995,2.0746153846153845
point,0.25,16,14,0.28680714285714276,0.19140000000000001,0.27523825054021755,0.15219785714285708,0.42749892857142846,0.8808333333333334
point,0.5,16,14,0.3001785714285714,0.28959999999999997,0.2533321297566358,0.1754910714285714,0.42928874999999994,0.46153846153846156
point,0.75,16,14,0.30065,0.22785,0.26049440493031706,0.17087053571428573,0.43507410714285705,0.16615384615384615
point,1.0,16,14,0.3099571428571428,0.30205,0.2570533040030824,0.18180821428571428,0.44216464285714285,0.37692307692307697
point,1.5,16,14,0.37420714285714285,0.3962,0.2457233386876879,0.2524107142857143,0.4960182142857142,0.3742857142857143
point,0.1,32,14,0.34167857142857144,0.28845,0.29954895112632113,0.19221142857142856,0.4908430357142856,4.5284615384615385
point,0.25,32,14,0.3753071428571429,0.2817,0.321620561111491,0.21742125000000007,0.5439216071428571,2.870769230769231
point,0.5,32,14,0.38532857142857146,0.3085,0.3081696821023005,0.2312285714285714,0.5409932142857142,1.7807692307692309
point,0.75,32,14,0.39372857142857143,0.34995,0.3064217064729622,0.23554249999999996,0.5468885714285713,0.8076923076923077
point,1.0,32,14,0.42792142857142856,0.49839999999999995,0.31267242671615836,0.2723989285714286,0.5803366071428571,0.5930769230769231
point,1.5,32,14,0.4772214285714286,0.5577000000000001,0.2907778564698261,0.3307242857142857,0.6174099999999999,1.5021428571428572
point,0.1,64,14,0.47849999999999987,0.48585,0.3254689965147336,0.3146491071428571,0.6380264285714284,9.378461538461538
point,0.25,64,14,0.5071642857142857,0.59445,0.3516117255573974,0.32808607142857144,0.68013625,8.013846153846155
point,0.5,64,14,0.5055642857142857,0.516,0.3436728847367751,0.3326344642857143,0.6763151785714285,5.352307692307692
point,0.75,64,14,0.50335,0.4924,0.33717782514458267,0.3314442857142858,0.6684169642857142,1.3284615384615384
point,1.0,64,14,0.5314428571428572,0.61575,0.3346424468783769,0.35788714285714285,0.693205,3.06923076923077
point,1.5,64,14,0.5906571428571429,0.7402,0.30658605697205205,0.4293842857142857,0.7353944642857142,1.6692857142857143
point,0.1,128,14,0.6137500000000001,0.7885,0.3464897595334362,0.43560517857142866,0.7810989285714284,14.936923076923078
point,0.25,128,14,0.6264214285714286,0.80955,0.3549402142042243,0.43735696428571413,0.7991580357142857,14.415384615384616
point,0.5,128,14,0.6000071428571427,0.74495,0.3566288039281303,0.4128855357142857,0.7752723214285716,8.46923076923077
point,0.75,128,14,0.622792857142857,0.76015,0.3481070446866015,0.4372707142857142,0.7876873214285716,5.741538461538462
point,1.0,128,14,0.6373714285714287,0.8182,0.3555423688450591,0.44512428571428564,0.803079642857143,5.661538461538461
point,1.5,128,14,0.6967857142857143,0.8507,0.3134328166440945,0.5230919642857143,0.8463860714285716,7.352142857142858
point,0.1,256,14,0.7047071428571429,0.90135,0.337138963506572,0.5289855357142857,0.8652228571428571,21.189999999999998
point,0.25,256,14,0.7082285714285714,0.91,0.34092427408346954,0.5267857142857143,0.8689605357142856,19.42615384615385
point,0.5,256,14,0.7058428571428571,0.8907499999999999,0.33902643807568417,0.5235650000000001,0.8636794642857142,17.927692307692308
point,0.75,256,14,0.7230857142857142,0.92545,0.34760183202390293,0.5308746428571428,0.8866933928571429,13.283846153846154
point,1.0,256,14,0.7325714285714285,0.9236500000000001,0.3146220893721213,0.571155892857143,0.8815108928571428,18.481428571428573
point,1.5,256,14,0.7866285714285713,0.9247,0.27945647914525745,0.6389342857142857,0.9161389285714284,8.053571428571429
contextual,0.1,16,6,0.12658333333333335,0.07919999999999999,0.15218558954995268,0.026399999999999996,0.24706666666666666,6.6575
contextual,0.25,16,6,0.17955,0.16444999999999999,0.08707685685645755,0.11741666666666667,0.24548333333333336,6.036666666666666
contextual,0.5,16,6,0.26380000000000003,0.1735,0.26283712827528766,0.08336666666666669,0.46851666666666664,4.044
contextual,0.75,16,6,0.3868833333333333,0.30795,0.289025226695987,0.19141666666666665,0.6101,2.888333333333333
contextual,1.0,16,6,0.4201833333333334,0.42755000000000004,0.3309077721460568,0.1950166666666667,0.6633333333333334,2.15
contextual,1.5,16,6,0.5464833333333333,0.5775,0.3471290734966846,0.28755,0.7748016666666667,1.6333333333333335
contextual,0.1,32,6,0.21823333333333336,0.21550000000000002,0.15895864451695185,0.10235625000000004,0.3313,10.586
contextual,0.25,32,6,0.24768333333333334,0.21384999999999998,0.15330995292761218,0.13768333333333332,0.36413333333333325,10.338333333333333
contextual,0.5,32,6,0.37956666666666666,0.38205,0.21628353304555265,0.2357729166666666,0.5418666666666667,5.510000000000001
contextual,0.75,32,6,0.4953666666666667,0.4676,0.27784756732184407,0.30666666666666664,0.7105166666666666,5.966666666666666
contextual,1.0,32,6,0.5441,0.53415,0.28329393922214435,0.33946666666666664,0.7561333333333334,3.146666666666667
contextual,1.5,32,6,0.6501666666666667,0.7141500000000001,0.29868725226675924,0.4139166666666667,0.8450979166666664,2.5283333333333333
contextual,0.1,64,6,0.37779999999999997,0.43725,0.3295035599200713,0.1425,0.6014333333333334,16.7825
contextual,0.25,64,6,0.4323666666666666,0.43265000000000003,0.27792336113876187,0.22735000000000005,0.6382833333333334,25.345
contextual,0.5,64,6,0.5900166666666666,0.5922499999999999,0.24528661126662962,0.4208833333333333,0.77235,11.229999999999999
contextual,0.75,64,6,0.6122333333333333,0.5833,0.2411562204602375,0.4427666666666667,0.79055,9.631666666666666
contextual,1.0,64,6,0.6535166666666666,0.6401,0.24113030847794034,0.47590999999999994,0.8166666666666668,4.95
contextual,1.5,64,6,0.7487166666666666,0.81155,0.2700182395073834,0.5371666666666667,0.9123833333333334,4.77
contextual,0.1,128,6,0.49958333333333327,0.63855,0.41407665675170174,0.21284999999999998,0.7863166666666667,22.1325
contextual,0.25,128,6,0.6054166666666667,0.6162000000000001,0.25254032087305717,0.4256166666666667,0.7784333333333334,31.456666666666667
contextual,0.5,128,6,0.7174166666666667,0.79345,0.23340989196404394,0.54745,0.8805333333333333,28.654999999999998
contextual,0.75,128,6,0.7198333333333333,0.7422500000000001,0.18621105946389618,0.5854262499999999,0.8552833333333334,19.535
contextual,1.0,128,6,0.76575,0.8597,0.23868223855159393,0.5888666666666666,0.9321333333333334,13.213333333333333
contextual,1.5,128,6,0.8493833333333334,0.93525,0.2169307393309364,0.6762291666666667,0.9735166666666668,6.933333333333334
contextual,0.1,256,5,0.49672,0.6278,0.4699012098303217,0.12556,0.8678800000000001,18.513333333333332
contextual,0.25,256,5,0.7158599999999999,0.6479,0.20522634577461055,0.56142,0.8703000000000001,51.748000000000005
contextual,0.5,256,5,0.85176,0.9035,0.16379135508322776,0.7242200000000001,0.9793,46.70799999999999
contextual,0.75,256,5,0.86182,0.9039,0.16505525438470597,0.7221599999999999,0.97834,40.572
contextual,1.0,256,5,0.86654,0.9023,0.1533003685579392,0.73878,0.9774200000000001,24.226000000000003
contextual,1.5,256,5,0.8952,0.945,0.14944227982736344,0.7622599999999999,0.9845599999999999,14.16
