chan_id,spacecraft,anomaly_class,n_windows,n_anom_windows,anomaly_fraction,svm_precision,svm_recall,svm_f1,ann_precision,ann_recall,ann_f1,note
P-1,SMAP,"[contextual, contextual, contextual]",528,57,0.10795454545454546,0.1047,0.7018,0.1822,0.0757,0.2456,0.1157,ok
S-1,SMAP,[point],455,31,0.06813186813186813,1.0,0.6452,0.7843,1.0,0.4516,0.6222,ok
E-1,SMAP,"[contextual, contextual]",529,37,0.06994328922495274,0.1294,0.5946,0.2126,0.2381,0.2703,0.2532,ok
E-2,SMAP,[point],530,90,0.16981132075471697,0.0863,0.9444,0.1581,0.0798,0.8667,0.1461,ok
E-3,SMAP,[point],516,201,0.38953488372093026,0.088,0.9652,0.1613,0.0859,0.9403,0.1575,ok
E-4,SMAP,[point],519,178,0.34296724470134876,0.0867,0.9494,0.1589,0.0881,0.9663,0.1615,ok
E-5,SMAP,[point],515,23,0.04466019417475728,0.0909,1.0,0.1667,0.0,0.0,0.0,ok
E-6,SMAP,[point],515,7,0.013592233009708738,0.1765,0.8571,0.2927,1.0,0.5714,0.7273,ok
E-7,SMAP,[point],516,21,0.040697674418604654,1.0,0.6667,0.8,1.0,0.5714,0.7273,ok
E-8,SMAP,[point],530,42,0.07924528301886792,0.087,0.9524,0.1594,0.1042,0.8333,0.1852,ok
E-9,SMAP,[point],515,25,0.04854368932038835,0.0775,0.84,0.1419,0.0706,0.76,0.1293,ok
E-10,SMAP,"[contextual, contextual]",528,27,0.05113636363636364,1.0,0.7037,0.8261,1.0,0.3704,0.5405,ok
E-11,SMAP,"[contextual, contextual]",529,25,0.04725897920604915,1.0,0.76,0.8636,1.0,0.4,0.5714,ok
E-12,SMAP,"[contextual, contextual]",529,43,0.08128544423440454,0.1313,0.6047,0.2158,1.0,0.2326,0.3774,ok
E-13,SMAP,"[contextual, contextual, contextual]",537,26,0.048417132216014895,0.0904,0.5769,0.1562,0.0824,0.2692,0.1261,ok
A-1,SMAP,[point],537,8,0.0148975791433892,0.0909,1.0,0.1667,0.0909,1.0,0.1667,ok
D-1,SMAP,[point],528,203,0.38446969696969696,1.0,0.9655,0.9825,1.0,0.8916,0.9427,ok
P-2,SMAP,[point],510,80,0.1568627450980392,1.0,1.0,1.0,0.2572,1.0,0.4092,ok
P-3,SMAP,[point],527,87,0.1650853889943074,0.089,0.977,0.1631,0.0852,0.931,0.1561,ok
D-2,SMAP,[point],534,267,0.5,1.0,0.9026,0.9488,1.0,0.8727,0.932,ok
D-3,SMAP,[point],537,208,0.38733705772811916,1.0,0.9712,0.9854,1.0,0.9663,0.9829,ok
D-4,SMAP,[point],526,203,0.38593155893536124,1.0,0.9951,0.9975,1.0,0.9951,0.9975,ok
A-2,SMAP,[contextual],491,10,0.020366598778004074,0.1475,0.9,0.2535,1.0,0.2,0.3333,ok
A-3,SMAP,[contextual],509,15,0.029469548133595286,0.1633,0.5333,0.25,0.1333,0.1333,0.1333,ok
A-4,SMAP,[contextual],502,10,0.0199203187250996,0.3043,0.7,0.4242,0.1176,0.2,0.1481,ok
G-1,SMAP,[contextual],526,11,0.02091254752851711,1.0,0.9091,0.9524,0.0909,1.0,0.1667,ok
G-2,SMAP,[point],457,5,0.010940919037199124,1.0,0.8,0.8889,1.0,0.8,0.8889,ok
D-5,SMAP,[point],473,6,0.012684989429175475,0.0909,0.8333,0.1639,0.0909,1.0,0.1667,ok
D-6,SMAP,[point],489,8,0.016359918200409,0.0909,1.0,0.1667,0.0476,0.5,0.087,ok
D-7,SMAP,[point],474,168,0.35443037974683544,1.0,0.9702,0.9849,1.0,0.8333,0.9091,ok
F-1,SMAP,[point],533,9,0.016885553470919325,0.32,0.8889,0.4706,1.0,0.4444,0.6154,ok
P-4,SMAP,"[point, point, point]",483,38,0.07867494824016563,1.0,0.5263,0.6897,1.0,0.4211,0.5926,ok
G-3,SMAP,[point],491,7,0.014256619144602852,1.0,0.5714,0.7273,0.0,0.0,0.0,ok
T-1,SMAP,"[point, contextual]",535,103,0.1925233644859813,0.0679,0.7282,0.1242,0.0218,0.2233,0.0398,ok
T-2,SMAP,[point],536,112,0.208955223880597,0.0604,0.6429,0.1104,0.0252,0.2589,0.046,ok
D-8,SMAP,[point],489,6,0.012269938650306749,1.0,0.6667,0.8,0.0,0.0,0.0,ok
D-9,SMAP,[point],459,71,0.15468409586056645,1.0,0.8169,0.8992,1.0,0.7465,0.8548,ok
F-2,SMAP,[point],536,185,0.3451492537313433,0.1015,0.9027,0.1825,0.1366,0.7946,0.2331,ok
G-4,SMAP,[point],474,5,0.010548523206751054,0.5,0.8,0.6154,1.0,0.8,0.8889,ok
T-3,SMAP,"[point, point]",533,17,0.03189493433395872,0.2537,1.0,0.4048,1.0,0.4706,0.64,ok
D-11,SMAP,[point],461,7,0.015184381778741865,1.0,0.7143,0.8333,0.0,0.0,0.0,ok
D-12,SMAP,[point],491,170,0.34623217922606925,1.0,0.9471,0.9728,0.0899,0.9882,0.1649,ok
B-1,SMAP,[point],499,8,0.01603206412825651,1.0,0.875,0.9333,1.0,0.625,0.7692,ok
G-6,SMAP,[point],537,9,0.01675977653631285,1.0,1.0,1.0,1.0,0.3333,0.5,ok
G-7,SMAP,"[contextual, point, contextual]",498,26,0.05220883534136546,1.0,0.8462,0.9167,1.0,0.4615,0.6316,ok
P-7,SMAP,[contextual],501,107,0.21357285429141717,0.4717,0.9346,0.627,0.5191,0.6355,0.5714,ok
R-1,SMAP,[point],449,8,0.017817371937639197,0.0909,1.0,0.1667,0.0909,1.0,0.1667,ok
A-5,SMAP,[point],290,6,0.020689655172413793,1.0,1.0,1.0,1.0,0.3333,0.5,ok
A-6,SMAP,[point],275,6,0.02181818181818182,0.1111,0.8333,0.1961,0.0909,1.0,0.1667,ok
A-7,SMAP,[contextual],536,152,0.2835820895522388,0.1663,1.0,0.2852,1.0,0.9605,0.9799,ok
D-13,SMAP,[point],475,13,0.02736842105263158,1.0,0.9231,0.96,1.0,0.6923,0.8182,ok
P-2,SMAP,[point],510,73,0.14313725490196078,0.4861,0.9589,0.6452,0.2474,0.9863,0.3956,ok
A-8,SMAP,[contextual],520,238,0.4576923076923077,0.0909,1.0,0.1667,1.0,0.9496,0.9741,ok
A-9,SMAP,[contextual],524,242,0.4618320610687023,1.0,0.9959,0.9979,1.0,0.9545,0.9767,ok
F-3,SMAP,[contextual],520,6,0.011538461538461539,0.0909,1.0,0.1667,0.0476,0.5,0.087,ok
M-6,MSL,[point],125,12,0.096,1.0,1.0,1.0,1.0,0.9167,0.9565,ok
M-1,MSL,[contextual],139,73,0.5251798561151079,0.2023,0.9726,0.3349,0.0642,0.2603,0.103,ok
M-2,MSL,[contextual],139,73,0.5251798561151079,1.0,0.9178,0.9571,1.0,0.9589,0.979,ok
S-2,MSL,[point],111,4,0.036036036036036036,1.0,1.0,1.0,0.0,0.0,0.0,ok
P-10,MSL,[point],378,11,0.0291005291005291,1.0,0.9091,0.9524,1.0,0.4545,0.625,ok
T-4,MSL,[point],135,8,0.05925925925925926,0.1579,0.75,0.2609,0.0,0.0,0.0,ok
T-5,MSL,[point],135,5,0.037037037037037035,1.0,1.0,1.0,1.0,0.8,0.8889,ok
F-7,MSL,"[contextual, contextual, contextual]",312,35,0.11217948717948718,0.8696,0.5714,0.6897,1.0,0.1429,0.25,ok
M-3,MSL,[contextual],129,19,0.14728682170542637,0.0777,0.8421,0.1422,1.0,0.0526,0.1,ok
M-4,MSL,[contextual],124,19,0.1532258064516129,0.2192,0.8421,0.3478,1.0,0.0526,0.1,ok
M-5,MSL,[contextual],140,22,0.15714285714285714,1.0,0.7727,0.8718,1.0,0.1818,0.3077,ok
P-15,MSL,[point],175,4,0.022857142857142857,1.0,0.5,0.6667,1.0,0.75,0.8571,ok
C-1,MSL,"[point, contextual]",138,26,0.18840579710144928,1.0,0.5769,0.7317,0.0,0.0,0.0,ok
C-2,MSL,"[point, contextual]",125,15,0.12,1.0,1.0,1.0,1.0,0.8,0.8889,ok
T-12,MSL,[contextual],148,11,0.07432432432432433,0.1951,0.7273,0.3077,0.0606,0.1818,0.0909,ok
T-13,MSL,"[contextual, contextual]",148,21,0.14189189189189189,1.0,0.6667,0.8,0.0094,0.0952,0.0172,ok
F-4,MSL,[point],210,7,0.03333333333333333,1.0,0.7143,0.8333,0.0,0.0,0.0,ok
F-5,MSL,[point],242,12,0.049586776859504134,0.7778,0.5833,0.6667,0.0,0.0,0.0,ok
D-14,MSL,"[point, point]",161,20,0.12422360248447205,1.0,0.95,0.9744,1.0,0.9,0.9474,ok
T-9,MSL,"[point, point]",65,13,0.2,1.0,1.0,1.0,0.0845,0.9231,0.1548,ok
P-14,MSL,[point],378,14,0.037037037037037035,1.0,0.8571,0.9231,1.0,0.7857,0.88,ok
T-8,MSL,"[contextual, contextual]",91,13,0.14285714285714285,0.1875,0.9231,0.3117,1.0,0.1538,0.2667,ok
P-11,MSL,"[point, point]",217,21,0.0967741935483871,1.0,0.8095,0.8947,1.0,0.2857,0.4444,ok
D-15,MSL,[point],131,40,0.3053435114503817,1.0,0.975,0.9873,1.0,0.8,0.8889,ok
D-16,MSL,[contextual],133,44,0.3308270676691729,1.0,0.9091,0.9524,1.0,0.1136,0.2041,ok
M-7,MSL,[point],131,9,0.06870229007633588,1.0,0.6667,0.8,0.0,0.0,0.0,ok
F-8,MSL,[contextual],152,33,0.21710526315789475,0.102,0.9091,0.1835,0.0,0.0,0.0,ok
