chan_id,spacecraft,precision,recall,f1,anomaly_rate
P-1,SMAP,0.04032258064516129,0.0066844919786096255,0.011467889908256881,8.79482657260435
S-1,SMAP,0.0,0.0,0.0,6.097394625562679
E-1,SMAP,0.0,0.0,0.0,5.9417566932832315
E-2,SMAP,0.0,0.0,0.0,16.373652133145804
E-3,SMAP,0.0,0.0,0.0,38.666185145058385
E-4,SMAP,0.0,0.0,0.0,33.64855159205171
E-5,SMAP,0.0,0.0,0.0,3.858210754762479
E-6,SMAP,1.0,0.18461538461538463,0.3116883116883117,0.783132530120482
E-7,SMAP,0.8666666666666667,0.1392857142857143,0.24,3.369434416365824
E-8,SMAP,0.0,0.0,0.0,7.290201593999063
E-9,SMAP,0.0,0.0,0.0,4.215851602023609
E-10,SMAP,0.0,0.0,0.0,3.76249265138154
E-11,SMAP,0.0,0.0,0.0,3.441390650692976
E-12,SMAP,0.0,0.0,0.0,6.825657894736842
E-13,SMAP,0.0,0.0,0.0,3.0208333333333335
A-1,SMAP,0.009722222222222222,1.0,0.01925722145804677,0.9722222222222222
D-1,SMAP,0.9887983706720977,0.8941068139963168,0.9390715667311412,38.28887060759196
P-2,SMAP,0.7511916110581506,0.643265306122449,0.693051890941073,14.922645876477036
P-3,SMAP,1.0,0.029213483146067417,0.056768558951965066,15.718827269516073
D-2,SMAP,1.0,0.9023002134218638,0.9486412365993517,49.06340895869692
D-3,SMAP,0.9578440228846733,0.9712977099236642,0.9645239539114615,37.905092592592595
D-4,SMAP,0.9996910719802286,0.9966122574684324,0.9981492905613819,38.3217278413785
A-2,SMAP,0.0,0.0,0.0,1.389941875157948
A-3,SMAP,0.0,0.0,0.0,2.2547227300426567
A-4,SMAP,0.0,0.0,0.0,1.3613861386138615
G-1,SMAP,0.0,0.0,0.0,1.4169323414806942
G-2,SMAP,1.0,0.025,0.04878048780487805,0.5434044287460943
D-5,SMAP,0.006033578174186778,0.92,0.01198853270784467,0.6554798112218143
D-6,SMAP,0.0,0.0,0.0,1.0147133434804667
D-7,SMAP,0.9996159754224271,0.9637171417993335,0.9813383600377003,35.344150745878046
F-1,SMAP,0.011976047904191617,0.02,0.0149812734082397,1.1649580615097856
P-4,SMAP,1.0,0.03409090909090909,0.06593406593406594,5.6533470384170625
G-3,SMAP,1.0,0.02,0.0392156862745098,0.6323510813203491
T-1,SMAP,0.0,0.0,0.0,17.812354853692522
T-2,SMAP,0.0,0.0,0.0,20.684057971014493
D-8,SMAP,1.0,0.02,0.0392156862745098,0.63500127000254
D-9,SMAP,1.0,0.7913419913419913,0.8835186080231996,15.595463137996218
F-2,SMAP,0.40476190476190477,0.011502029769959404,0.02236842105263158,34.26849060978437
G-4,SMAP,1.0,0.06666666666666667,0.125,0.39308176100628933
T-3,SMAP,1.0,0.01098901098901099,0.021739130434782608,2.1214593775498307
D-11,SMAP,0.0,0.0,0.0,0.8074283407347598
D-12,SMAP,0.9996121024049651,0.940854326396495,0.9693436148203874,34.592068704218235
B-1,SMAP,0.017863161442534546,0.7571428571428571,0.03490286466908133,0.870213823968175
G-6,SMAP,0.0,0.0,0.0,1.1574074074074074
G-7,SMAP,0.6333333333333333,0.3584905660377358,0.4578313253012048,3.3005355586000746
P-7,SMAP,0.7368421052631579,0.008484848484848486,0.016776512881965248,20.443563375046462
R-1,SMAP,0.011043622308117063,1.0,0.02184598580010923,1.1043622308117063
A-5,SMAP,0.01851090086384204,0.9,0.036275695284159616,1.0654165778819518
A-6,SMAP,0.01664932362122789,0.8,0.0326197757390418,0.8982708286548395
A-7,SMAP,0.0,0.0,0.0,27.806743135210287
D-13,SMAP,0.05367561260210035,0.8625,0.1010618820944709,2.0879551089651573
P-2,SMAP,0.7092469018112488,0.6642857142857143,0.686030428769018,13.643561944207578
A-8,SMAP,0.0,0.0,0.0,45.43283582089552
A-9,SMAP,0.0,0.0,0.0,45.814560113824996
F-3,SMAP,0.0,0.0,0.0,0.4775549188156638
M-6,MSL,0.17324350336862368,1.0,0.29532403609515995,8.784773060029282
M-1,MSL,0.0,0.0,0.0,50.06587615283268
M-2,MSL,0.7732620320855615,0.6342105263157894,0.6968674698795181,50.06587615283268
S-2,MSL,1.0,0.3,0.46153846153846156,0.5473453749315819
P-10,MSL,0.06917394224311618,0.7923076923076923,0.1272390364422483,2.1311475409836063
T-4,MSL,1.0,0.058823529411764705,0.1111111111111111,3.0672079386558413
T-5,MSL,1.0,0.2,0.3333333333333333,1.127141568981064
F-7,MSL,0.0,0.0,0.0,8.310249307479225
M-3,MSL,0.0,0.0,0.0,11.753643629525152
M-4,MSL,0.0,0.0,0.0,12.26692836113837
M-5,MSL,0.0,0.0,0.0,13.026487190620928
P-15,MSL,0.006694129763130793,0.65,0.013251783893985729,0.700280112044818
C-1,MSL,0.0,0.0,0.0,13.692579505300353
C-2,MSL,0.07896399241945673,0.9259259259259259,0.14551804423748546,6.582155046318869
T-12,MSL,0.0,0.0,0.0,4.938271604938271
T-13,MSL,0.0,0.0,0.0,10.2880658436214
F-4,MSL,0.09602649006622517,0.4142857142857143,0.15591397849462366,2.0455873758036236
F-5,MSL,1.0,0.5533333333333333,0.7124463519313304,3.8245792962774097
D-14,MSL,1.0,0.8454545454545455,0.916256157635468,8.380952380952381
T-9,MSL,0.3181818181818182,0.38181818181818183,0.34710743801652894,10.036496350364963
P-14,MSL,0.029508196721311476,1.0,0.05732484076433121,2.9508196721311477
T-8,MSL,0.24,0.06,0.096,6.583278472679395
P-11,MSL,0.5923076923076923,0.3407079646017699,0.43258426966292135,6.393210749646393
D-15,MSL,0.0,0.0,0.0,29.65708989805375
D-16,MSL,0.0,0.0,0.0,29.666818804198996
M-7,MSL,0.8928571428571429,0.5,0.6410256410256411,4.638218923933209
F-8,MSL,0.7307692307692307,0.0708955223880597,0.1292517006802721,21.552070767993566
