chan_id,spacecraft,anomaly_class,epochs_run,pa_best_precision,pa_best_recall,pa_best_f1,pa_best_threshold,pa_k3_precision,pa_k3_recall,pa_k3_f1
P-1,SMAP,"[contextual, contextual, contextual]",30,0.2059,0.4118,0.2745,k2.0,0.0,0.0,0.0
S-1,SMAP,[point],61,0.9911,1.0,0.9955,k3.0,0.9911,1.0,0.9955
E-1,SMAP,"[contextual, contextual]",55,0.2313,1.0,0.3756,p95,0.0,0.0,0.0
E-2,SMAP,[point],100,1.0,1.0,1.0,k1.0,1.0,1.0,1.0
E-3,SMAP,[point],21,0.9436,1.0,0.971,k4.0,0.6587,1.0,0.7943
E-4,SMAP,[point],23,0.7729,1.0,0.8719,p99,0.0,0.0,0.0
E-5,SMAP,[point],32,0.0,0.0,0.0,none,0.0,0.0,0.0
E-6,SMAP,[point],22,0.5078,1.0,0.6736,k3.0,0.5078,1.0,0.6736
E-7,SMAP,[point],39,0.9722,1.0,0.9859,k3.0,0.9722,1.0,0.9859
E-8,SMAP,[point],53,1.0,1.0,1.0,k3.5,0.9067,1.0,0.9511
E-9,SMAP,[point],26,0.3653,1.0,0.5352,k2.0,0.0,0.0,0.0
E-10,SMAP,"[contextual, contextual]",41,0.9926,0.8438,0.9122,k3.5,0.9375,0.8438,0.8882
E-11,SMAP,"[contextual, contextual]",57,0.9455,0.8294,0.8836,k4.0,0.8438,0.8294,0.8365
E-12,SMAP,"[contextual, contextual]",38,0.4435,1.0,0.6145,p99,0.0,0.0,0.0
E-13,SMAP,"[contextual, contextual, contextual]",24,0.3673,0.387,0.3769,k3.5,0.1744,0.387,0.2405
A-1,SMAP,[point],100,0.75,1.0,0.8571,k1.0,0.75,1.0,0.8571
D-1,SMAP,[point],84,0.6509,1.0,0.7886,k4.0,0.5018,1.0,0.6682
P-2,SMAP,[point],35,0.4071,1.0,0.5786,k4.0,0.3715,1.0,0.5418
P-3,SMAP,[point],27,1.0,1.0,1.0,k1.0,1.0,1.0,1.0
D-2,SMAP,[point],100,0.9981,1.0,0.9991,k1.0,0.9981,1.0,0.9991
D-3,SMAP,[point],21,0.871,1.0,0.9311,k4.0,0.822,1.0,0.9023
D-4,SMAP,[point],21,0.8997,1.0,0.9472,k4.0,0.8918,1.0,0.9428
A-2,SMAP,[contextual],100,0.4583,1.0,0.6286,k3.5,0.2292,1.0,0.3729
A-3,SMAP,[contextual],90,0.8852,1.0,0.9391,k2.5,0.8852,1.0,0.9391
A-4,SMAP,[contextual],69,0.6322,1.0,0.7746,k3.5,0.3642,1.0,0.534
G-1,SMAP,[contextual],21,0.0,0.0,0.0,none,0.0,0.0,0.0
G-2,SMAP,[point],100,0.3571,1.0,0.5263,k1.0,0.3571,1.0,0.5263
D-5,SMAP,[point],85,0.0066,1.0,0.013,k1.0,0.0066,1.0,0.013
D-6,SMAP,[point],26,0.0106,1.0,0.021,k3.0,0.0106,1.0,0.021
D-7,SMAP,[point],100,0.9996,1.0,0.9998,k1.0,0.9996,1.0,0.9998
F-1,SMAP,[point],27,0.0,0.0,0.0,none,0.0,0.0,0.0
P-4,SMAP,"[point, point, point]",100,0.8429,1.0,0.9148,k1.0,0.8429,1.0,0.9148
G-3,SMAP,[point],65,0.2232,1.0,0.365,p90,0.0,0.0,0.0
T-1,SMAP,"[point, contextual]",70,0.996,0.9772,0.9865,p90,0.0,0.0,0.0
T-2,SMAP,[point],43,1.0,1.0,1.0,p90,0.0,0.0,0.0
D-8,SMAP,[point],100,0.4464,1.0,0.6173,k1.0,0.4464,1.0,0.6173
D-9,SMAP,[point],100,0.9991,1.0,0.9996,k1.0,0.9991,1.0,0.9996
F-2,SMAP,[point],50,1.0,1.0,1.0,k1.5,1.0,1.0,1.0
G-4,SMAP,[point],39,0.2679,1.0,0.4225,k2.0,0.2679,1.0,0.4225
T-3,SMAP,"[point, point]",81,0.8125,1.0,0.8966,k2.0,0.8125,1.0,0.8966
D-11,SMAP,[point],21,0.0189,1.0,0.0371,k1.5,0.0189,1.0,0.0371
D-12,SMAP,[point],100,0.9996,1.0,0.9998,k1.0,0.9996,1.0,0.9998
B-1,SMAP,[point],100,0.0232,1.0,0.0453,k1.0,0.0232,1.0,0.0453
G-6,SMAP,[point],21,0.1351,1.0,0.2381,k4.0,0.0529,1.0,0.1004
G-7,SMAP,"[contextual, point, contextual]",50,0.637,1.0,0.7783,k3.5,0.6134,1.0,0.7604
P-7,SMAP,[contextual],44,1.0,1.0,1.0,k3.5,0.9538,1.0,0.9763
R-1,SMAP,[point],100,0.011,1.0,0.0218,k1.0,0.011,1.0,0.0218
A-5,SMAP,[point],29,0.0107,1.0,0.0211,k1.0,0.0107,1.0,0.0211
A-6,SMAP,[point],57,0.009,1.0,0.0178,k1.0,0.009,1.0,0.0178
A-7,SMAP,[contextual],61,0.5017,1.0,0.6682,k1.0,0.0,0.0,0.0
D-13,SMAP,[point],100,0.061,1.0,0.115,k1.0,0.061,1.0,0.115
P-2,SMAP,[point],58,0.3722,1.0,0.5425,k4.0,0.3397,1.0,0.5071
A-8,SMAP,[contextual],21,0.0,0.0,0.0,none,0.0,0.0,0.0
A-9,SMAP,[contextual],21,1.0,1.0,1.0,k1.0,0.0,0.0,0.0
F-3,SMAP,[contextual],21,0.0,0.0,0.0,none,0.0,0.0,0.0
M-6,MSL,[point],100,0.1653,1.0,0.2837,k1.0,0.1653,1.0,0.2837
M-1,MSL,[contextual],100,0.6383,1.0,0.7792,k2.5,0.0,0.0,0.0
M-2,MSL,[contextual],22,0.7427,1.0,0.8523,p99,0.6897,1.0,0.8163
S-2,MSL,[point],100,0.0893,1.0,0.1639,k1.0,0.0893,1.0,0.1639
P-10,MSL,[point],67,0.0844,1.0,0.1557,k4.0,0.0802,1.0,0.1486
T-4,MSL,[point],39,0.6071,1.0,0.7556,k1.5,0.6071,1.0,0.7556
T-5,MSL,[point],100,0.1953,1.0,0.3268,k1.0,0.1953,1.0,0.3268
F-7,MSL,"[contextual, contextual, contextual]",44,0.7317,1.0,0.8451,k4.0,0.6562,1.0,0.7925
M-3,MSL,[contextual],100,0.3351,1.0,0.502,k1.5,0.0,0.0,0.0
M-4,MSL,[contextual],77,0.6281,1.0,0.7716,k2.5,0.0,0.0,0.0
M-5,MSL,[contextual],33,0.3421,1.0,0.5098,k1.0,0.0,0.0,0.0
P-15,MSL,[point],21,0.0085,1.0,0.0169,k4.0,0.0082,1.0,0.0163
C-1,MSL,"[point, contextual]",100,0.9009,0.6452,0.7519,k3.0,0.9009,0.6452,0.7519
C-2,MSL,"[point, contextual]",100,0.074,1.0,0.1378,k1.0,0.074,1.0,0.1378
T-12,MSL,[contextual],29,0.5405,1.0,0.7018,k1.5,0.0,0.0,0.0
T-13,MSL,"[contextual, contextual]",21,0.1356,0.6,0.2212,p95,0.0,0.0,0.0
F-4,MSL,[point],23,0.0843,1.0,0.1556,k4.0,0.0674,1.0,0.1264
F-5,MSL,[point],51,0.8523,1.0,0.9202,k2.5,0.8523,1.0,0.9202
D-14,MSL,"[point, point]",100,0.55,1.0,0.7097,k1.0,0.55,1.0,0.7097
T-9,MSL,"[point, point]",100,0.3198,1.0,0.4846,k3.5,0.3056,1.0,0.4681
P-14,MSL,[point],57,0.0295,1.0,0.0573,k1.0,0.0295,1.0,0.0573
T-8,MSL,"[contextual, contextual]",44,0.7692,1.0,0.8696,k4.0,0.3472,1.0,0.5155
P-11,MSL,"[point, point]",24,0.4892,1.0,0.657,k3.5,0.4297,1.0,0.6011
D-15,MSL,[point],55,0.9091,1.0,0.9524,k2.5,0.0,0.0,0.0
D-16,MSL,[contextual],29,1.0,1.0,1.0,k1.0,0.0,0.0,0.0
M-7,MSL,[point],49,0.3906,1.0,0.5618,k4.0,0.3676,1.0,0.5376
F-8,MSL,[contextual],43,1.0,1.0,1.0,k3.0,1.0,1.0,1.0
